{}{"10-11-12:31:33": {"src_dpid": 1, "dst_dpid": 2, "all_paths": [["1-2-path1", [1, 7, 2], 0.01571301743388176, [10.0, 0.0, 0.0, 0.3]], ["1-2-path2", [1, 8, 2], 0.015712963417172432, [10.0, 0.0, 0.0, 0.3]]], "selected_path": ["1-2-path1", [1, 7, 2]]}}
{"10-11-12:31:33": {"src_dpid": 1, "dst_dpid": 2, "all_paths": [["1-2-path1", [1, 7, 2], 0.01571301743388176, [10.0, 0.0, 0.0, 0.3]], ["1-2-path2", [1, 8, 2], 0.015712963417172432, [10.0, 0.0, 0.0, 0.3]]], "selected_path": ["1-2-path1", [1, 7, 2]]}}
{"10-11-12:31:33": {"src_dpid": 2, "dst_dpid": 1, "all_paths": [["2-1-path2", [2, 7, 1], 0.016651254147291183, [10.0, 0.0, 0, 0.6]], ["2-1-path1", [2, 8, 1], 0.015713034197688103, [10.0, 0.0, 0, 0.3]]], "selected_path": ["2-1-path2", [2, 7, 1]]}}
{"10-11-12:31:34": {"src_dpid": 2, "dst_dpid": 1, "all_paths": [["2-1-path2", [2, 7, 1], 0.016651254147291183, [10.0, 0.0, 0, 0.6]], ["2-1-path1", [2, 8, 1], 0.015713034197688103, [10.0, 0.0, 0, 0.3]]], "selected_path": ["2-1-path2", [2, 7, 1]]}}
{"10-11-12:31:34": {"src_dpid": 2, "dst_dpid": 1, "all_paths": [["2-1-path2", [2, 7, 1], 0.016651254147291183, [10.0, 0.0, 0, 0.6]], ["2-1-path1", [2, 8, 1], 0.015713034197688103, [10.0, 0.0, 0, 0.3]]], "selected_path": ["2-1-path2", [2, 7, 1]]}}
{"10-11-12:31:34": {"src_dpid": 2, "dst_dpid": 1, "all_paths": [["2-1-path2", [2, 7, 1], 0.016651254147291183, [10.0, 0.0, 0, 0.6]], ["2-1-path1", [2, 8, 1], 0.015713034197688103, [10.0, 0.0, 0, 0.3]]], "selected_path": ["2-1-path2", [2, 7, 1]]}}
{"10-11-12:31:39": {"src_dpid": 3, "dst_dpid": 4, "all_paths": [["3-4-path1", [3, 9, 4], 0.013911997899413109, [10.0, 0.0, 0.0, 0.6]], ["3-4-path2", [3, 10, 4], 0.013032223097980022, [10.0, 0.0, 0, 0.3]]], "selected_path": ["3-4-path1", [3, 9, 4]]}}
{"10-11-12:31:39": {"src_dpid": 3, "dst_dpid": 4, "all_paths": [["3-4-path1", [3, 9, 4], 0.013911997899413109, [10.0, 0.0, 0.0, 0.6]], ["3-4-path2", [3, 10, 4], 0.013032223097980022, [10.0, 0.0, 0, 0.3]]], "selected_path": ["3-4-path1", [3, 9, 4]]}}
{"10-11-12:31:39": {"src_dpid": 4, "dst_dpid": 3, "all_paths": [["4-3-path2", [4, 9, 3], 0.013028685003519058, [10.0, 0.0, 0.0, 0.3]], ["4-3-path1", [4, 10, 3], 0.013028526678681374, [10.0, 0.0, 0, 0.3]]], "selected_path": ["4-3-path2", [4, 9, 3]]}}
{"10-11-12:31:40": {"src_dpid": 4, "dst_dpid": 3, "all_paths": [["4-3-path2", [4, 9, 3], 0.013028685003519058, [10.0, 0.0, 0.0, 0.3]], ["4-3-path1", [4, 10, 3], 0.013028526678681374, [10.0, 0.0, 0, 0.3]]], "selected_path": ["4-3-path2", [4, 9, 3]]}}
{"10-11-12:31:40": {"src_dpid": 4, "dst_dpid": 3, "all_paths": [["4-3-path2", [4, 9, 3], 0.013028685003519058, [10.0, 0.0, 0.0, 0.3]], ["4-3-path1", [4, 10, 3], 0.013028526678681374, [10.0, 0.0, 0, 0.3]]], "selected_path": ["4-3-path2", [4, 9, 3]]}}
{"10-11-12:31:40": {"src_dpid": 4, "dst_dpid": 3, "all_paths": [["4-3-path2", [4, 9, 3], 0.013028685003519058, [10.0, 0.0, 0.0, 0.3]], ["4-3-path1", [4, 10, 3], 0.013028526678681374, [10.0, 0.0, 0, 0.3]]], "selected_path": ["4-3-path2", [4, 9, 3]]}}
{"10-11-12:31:45": {"src_dpid": 5, "dst_dpid": 6, "all_paths": [["5-6-path2", [5, 12, 6], 0.013425023294985294, [10.0, 0.0, 0, 0.3]], ["5-6-path1", [5, 11, 6], 0.01342485100030899, [10.0, 0.0, 0.0, 0.3]]], "selected_path": ["5-6-path2", [5, 12, 6]]}}
{"10-11-12:31:45": {"src_dpid": 5, "dst_dpid": 6, "all_paths": [["5-6-path2", [5, 12, 6], 0.013425023294985294, [10.0, 0.0, 0, 0.3]], ["5-6-path1", [5, 11, 6], 0.01342485100030899, [10.0, 0.0, 0.0, 0.3]]], "selected_path": ["5-6-path2", [5, 12, 6]]}}
{"10-11-12:31:45": {"src_dpid": 6, "dst_dpid": 5, "all_paths": [["6-5-path2", [6, 11, 5], 0.01320743653923273, [10.0, 0.0, 0, 0.3]], ["6-5-path1", [6, 12, 5], 0.01320717018097639, [10.0, 0.0, 0, 0.3]]], "selected_path": ["6-5-path2", [6, 11, 5]]}}
{"10-11-12:31:46": {"src_dpid": 6, "dst_dpid": 5, "all_paths": [["6-5-path2", [6, 11, 5], 0.01320743653923273, [10.0, 0.0, 0, 0.3]], ["6-5-path1", [6, 12, 5], 0.01320717018097639, [10.0, 0.0, 0, 0.3]]], "selected_path": ["6-5-path2", [6, 11, 5]]}}
{"10-11-12:31:46": {"src_dpid": 6, "dst_dpid": 5, "all_paths": [["6-5-path2", [6, 11, 5], 0.01320743653923273, [10.0, 0.0, 0, 0.3]], ["6-5-path1", [6, 12, 5], 0.01320717018097639, [10.0, 0.0, 0, 0.3]]], "selected_path": ["6-5-path2", [6, 11, 5]]}}
{"10-11-12:31:46": {"src_dpid": 6, "dst_dpid": 5, "all_paths": [["6-5-path2", [6, 11, 5], 0.01320743653923273, [10.0, 0.0, 0, 0.3]], ["6-5-path1", [6, 12, 5], 0.01320717018097639, [10.0, 0.0, 0, 0.3]]], "selected_path": ["6-5-path2", [6, 11, 5]]}}
{"10-11-12:31:52": {"src_dpid": 3, "dst_dpid": 4, "all_paths": [["3-4-path1", [3, 9, 4], 0.02043873257935047, [10.0, 0.46, 0.49, 1]], ["3-4-path2", [3, 10, 4], 0.018355853855609894, [10.0, 0.31, 0.31, 1]]], "selected_path": ["3-4-path1", [3, 9, 4]]}}
